{"rmse": 0.8742964404125759, "mae": 0.6865310740347097, "prec10t4": 0.8046878068082994, "tailprec10t4": 0.7558910212252595, "prec10t4_frac": 0.9913166929463617, "tailprec10t4_frac": 0.9584673730041586, "prec5t4": 0.8314626053223246, "tailprec5t4": 0.7785750122783786, "prec5t4_frac": 0.9913166929463617, "tailprec5t4_frac": 0.9584673730041586, "rec10t4": 0.6391475590283415, "tailrec10t4": 0.7375955834338959, "rec10t4_frac": 0.9913166929463617, "tailrec10t4_frac": 0.9584673730041586, "rec5t4": 0.4410173995874274, "tailrec5t4": 0.5621758679332213, "rec5t4_frac": 0.9913166929463617, "tailrec5t4_frac": 0.9584673730041586, "ndcg10": 0.7920260462926693, "tailndcg10": 0.7722279039234993, "ndcg10_frac": 0.7232870936361351, "tailndcg10_frac": 0.5698442255672974, "ndcg5": 0.7845902059894773, "tailndcg5": 0.762669794911965, "ndcg5_frac": 0.9259912768885006, "tailndcg5_frac": 0.7904199169776026, "ndcgfull": 0.909587371720578, "tailndcgfull": 0.904897369758254, "ndcgfull_frac": 1.0, "tailndcgfull_frac": 1.0, "hits": 14.745285129675647, "tailhits": 9.313387511460547, "hits_frac": 1.0, "tailhits_frac": 1.0, "normhits": 0.7595598701759707, "tailnormhits": 0.728308420213319, "normhits_frac": 0.9913166929463617, "tailnormhits_frac": 0.9584673730041586, "avgrating": 3.702850090758313, "tailavgrating": 3.5531289191178757, "avgrating_frac": 1.0, "tailavgrating_frac": 1.0, "avgest": 3.698568256401271, "tailavgest": 3.5566372996619813, "avgest_frac": 1.0, "tailavgest_frac": 1.0, "falsepos": 4.321430948340868, "tailfalsepos": 3.186627413353867, "falsepos_frac": 1.0, "tailfalsepos_frac": 1.0, "totalhits": 88979.0, "tailtotalhits": 55565.4, "totalhits_frac": 1.0, "tailtotalhits_frac": 1.0}