{"rmse": 0.871448429726042, "mae": 0.685703541431699, "prec10t4": 0.8052623502122225, "tailprec10t4": 0.7598371920327123, "prec10t4_frac": 0.9913166929463617, "tailprec10t4_frac": 0.9584673730041586, "prec5t4": 0.8319355359670094, "tailprec5t4": 0.7812111895185316, "prec5t4_frac": 0.9913166929463617, "tailprec5t4_frac": 0.9584673730041586, "rec10t4": 0.6399620474056607, "tailrec10t4": 0.7386974255085987, "rec10t4_frac": 0.9913166929463617, "tailrec10t4_frac": 0.9584673730041586, "rec5t4": 0.442255630205944, "tailrec5t4": 0.5633403881203318, "rec5t4_frac": 0.9913166929463617, "tailrec5t4_frac": 0.9584673730041586, "ndcg10": 0.7947904169300187, "tailndcg10": 0.7760439221382953, "ndcg10_frac": 0.7232870936361351, "tailndcg10_frac": 0.5698442255672974, "ndcg5": 0.7872553625204766, "tailndcg5": 0.7660728878361349, "ndcg5_frac": 0.9259912768885006, "tailndcg5_frac": 0.7904199169776026, "ndcgfull": 0.9106125731685546, "tailndcgfull": 0.9064045699263733, "ndcgfull_frac": 1.0, "tailndcgfull_frac": 1.0, "hits": 14.778135841054436, "tailhits": 9.346472793019242, "hits_frac": 1.0, "tailhits_frac": 1.0, "normhits": 0.7605667497844661, "tailnormhits": 0.7316172485387871, "normhits_frac": 0.9913166929463617, "tailnormhits_frac": 0.9584673730041586, "avgrating": 3.702850090758313, "tailavgrating": 3.5531289191178757, "avgrating_frac": 1.0, "tailavgrating_frac": 1.0, "avgest": 3.697061220660165, "tailavgest": 3.5552643338112944, "avgest_frac": 1.0, "tailavgest_frac": 1.0, "falsepos": 4.288580236962078, "tailfalsepos": 3.153542131795173, "falsepos_frac": 1.0, "tailfalsepos_frac": 1.0, "totalhits": 89177.2, "tailtotalhits": 55762.8, "totalhits_frac": 1.0, "tailtotalhits_frac": 1.0}