{"lb": {"male users": 1.3379026710244888, "female users": 3.8816170858889962, "power users": NaN, "bottom 10% contributors": NaN, "56+": 4.896003993723379, "18-24": 3.920402689751582, "25-34": 1.5857879568902886, "45-49": 4.159451908347317, "under 18": 11.067913396169226, "50-55": 2.972970483021624, "35-44": 1.7138547782583617, "executive/managerial": 1.2604653238672736, "retired": 17.500424666108, "farmer": 6.895766994552691, "sales/marketing": 4.913773133062418, "homemaker": 8.704514206982122, "self-employed": 1.9524378680382717, "doctor/health care": 1.4129020474191054, "technician/engineer": 1.459194317863345, "tradesman/craftsman": -8.777043995473415, "writer": 2.466541476558729, "other": 1.8216808911090514, "scientist": -2.0564725691145784, "programmer": 2.3892077989812486, "college/grad student": 2.8967282777313508, "unemployed": 17.951460919685466, "academic/educator": -0.0556849784732208, "customer service": -0.7015195114473025, "k-12 student": 11.179257832400515, "clerical/admin": -4.876610116746354, "artist": -2.54941973092542, "lawyer": 5.9854235322624225}, "nb": {"male users": 1.050752627578606, "female users": 0.6658327109396758, "power users": -0.0, "bottom 10% contributors": -0.0, "56+": 0.550010964183453, "18-24": 1.0588218479800982, "25-34": 1.2012139311548764, "45-49": 1.1208835198931761, "under 18": 0.5683129670074304, "50-55": 0.7879715158369656, "35-44": 1.0612760251295152, "executive/managerial": 1.1371539139844196, "retired": 0.08669780778564327, "farmer": 0.6744756766252664, "sales/marketing": 0.9813476923506138, "homemaker": 0.4312090105031618, "self-employed": 1.0740805911121456, "doctor/health care": 0.9960832807913208, "technician/engineer": 1.0751951319727406, "tradesman/craftsman": 0.5047446813456987, "writer": 1.4811490192449068, "other": 1.2757691197464318, "scientist": 0.8892469617576004, "programmer": 0.8463400669883968, "college/grad student": 1.021140198502948, "unemployed": 0.8755737764703138, "academic/educator": 1.2176647007377126, "customer service": 0.8439139045642337, "k-12 student": 0.4301600935445971, "clerical/admin": 0.5272749908803642, "artist": 1.186469699309618, "lawyer": 1.1632951547372532}}