{"lb": {"male users": -2.3756339860623195, "female users": -2.7294374944946243, "power users": NaN, "bottom 10% contributors": NaN, "56+": -3.3746720039431692, "18-24": -4.96209261197556, "25-34": -2.918268213462084, "45-49": -5.70793867573317, "under 18": -12.066133385792424, "50-55": -2.9767828898947015, "35-44": -2.4745322708249433, "executive/managerial": -1.8042837026186342, "retired": -4.118894190031787, "farmer": -104.30633233587437, "sales/marketing": -8.196449746127817, "homemaker": -16.29237711741084, "self-employed": -4.541585338905353, "doctor/health care": -2.910122976850403, "technician/engineer": -2.011410051375494, "tradesman/craftsman": 27.02907360056503, "writer": -7.552235044636761, "other": -3.3385494645999745, "scientist": 5.764740555748043, "programmer": -2.9606202613798636, "college/grad student": -3.8232723468644507, "unemployed": -86.7006008272811, "academic/educator": 0.09800077313915602, "customer service": 2.32953730535703, "k-12 student": -10.249886326883344, "clerical/admin": 7.406160127464622, "artist": 6.595947812286726, "lawyer": -22.47084111670006}, "nb": {"male users": -0.04994536228129709, "female users": 0.08832173015102188, "power users": 0.043785500423421685, "bottom 10% contributors": 0.043785500423421685, "56+": 0.026032754331859483, "18-24": -0.010536742448420067, "25-34": -0.08183421963098503, "45-49": -0.010214361249381923, "under 18": 0.022886785753693087, "50-55": 0.016277093659866564, "35-44": -0.012106638181622387, "executive/managerial": -0.013727043241059195, "retired": 0.04372710070589389, "farmer": 0.014467221041178237, "sales/marketing": 0.001174372177962374, "homemaker": 0.026836377886148854, "self-employed": -0.004555913691557889, "doctor/health care": 0.00022333528675431286, "technician/engineer": -0.005682765830145986, "tradesman/craftsman": 0.02345812720695693, "writer": -0.03333650460930142, "other": -0.03381100490076243, "scientist": 0.005709458113098059, "programmer": 0.010368192205240628, "college/grad student": -0.0025896662473517684, "unemployed": 0.006014353368764339, "academic/educator": -0.018701011016538927, "customer service": 0.007884788749578465, "k-12 student": 0.029251950969916514, "clerical/admin": 0.025784686579383112, "artist": -0.011960865238766757, "lawyer": -0.00817860209089042}}