{"lb": {"male users": -1.1925367956524755, "female users": -0.5404647753999289, "power users": NaN, "bottom 10% contributors": NaN, "56+": -0.14861966110080846, "18-24": -0.6342277311995252, "25-34": -0.7087913028392181, "45-49": -0.36383383943001174, "under 18": -0.3096441514565937, "50-55": -0.17101716271414924, "35-44": -0.34209179571834897, "executive/managerial": -0.14189317197745882, "retired": -0.06751167629356736, "farmer": -0.20723112384610803, "sales/marketing": -0.2863329298730081, "homemaker": -0.17263445952223405, "self-employed": -0.12707415931705374, "doctor/health care": -0.0794983925795226, "technician/engineer": -0.11688823311801295, "tradesman/craftsman": 0.21927559709067657, "writer": -0.24632289797904666, "other": -0.27526450883622305, "scientist": 0.09639715167724378, "programmer": -0.13332594554558325, "college/grad student": -0.3361188106266595, "unemployed": -0.7177202055238502, "academic/educator": 0.00600335861945161, "customer service": 0.03008342877778946, "k-12 student": -0.23079214245962493, "clerical/admin": 0.14836843963960583, "artist": 0.20421229153934065, "lawyer": -0.3348304139905638}, "nb": {"male users": -1.034039480441805, "female users": -0.17598220695599384, "power users": 0.0, "bottom 10% contributors": 0.0, "56+": -0.03181922040485966, "18-24": -0.18966648437670997, "25-34": -0.48853677328268236, "45-49": -0.09471191110901775, "under 18": -0.030130293761148452, "50-55": -0.0604913354694511, "35-44": -0.2096820872423822, "executive/managerial": -0.11381199774420636, "retired": -0.004150919382807391, "farmer": -0.02997560550768158, "sales/marketing": -0.06178685492795122, "homemaker": -0.02034506201304637, "self-employed": -0.06605533780739677, "doctor/health care": -0.056797675118947843, "technician/engineer": -0.08125635259113578, "tradesman/craftsman": -0.02390759775021652, "writer": -0.10262170166034852, "other": -0.15641720871303644, "scientist": -0.045841796856558474, "programmer": -0.0571067311663432, "college/grad student": -0.12508928454519483, "unemployed": -0.04232234928242079, "academic/educator": -0.10461761096663265, "customer service": -0.042630849607351716, "k-12 student": -0.02208167912256604, "clerical/admin": -0.028760103905474864, "artist": -0.07610461236256462, "lawyer": -0.05826338325938272}, "not-like": {"male users": -0.8913479444205755, "female users": -0.1392370147392186, "power users": NaN, "bottom 10% contributors": NaN, "56+": -0.0303552981760916, "18-24": -0.16177616979436196, "25-34": -0.4469647406259469, "45-49": -0.08747158218126257, "under 18": -0.02797674144828114, "50-55": -0.05752400290914874, "35-44": -0.19960372375656382, "executive/managerial": -0.11257205516936546, "retired": -0.0038577164601218557, "farmer": -0.030051932440555228, "sales/marketing": -0.05827149974556445, "homemaker": -0.019832750618496247, "self-employed": -0.06508486717927293, "doctor/health care": -0.056266032542552614, "technician/engineer": -0.0801046383521894, "tradesman/craftsman": -0.024982852678391905, "writer": -0.09986570277452282, "other": -0.15110468039692737, "scientist": -0.04687499999999899, "programmer": -0.05580341132421929, "college/grad student": -0.11603394533432035, "unemployed": -0.03998115856614224, "academic/educator": -0.10780930125237738, "customer service": -0.042883238864909745, "k-12 student": -0.02064467480039031, "clerical/admin": -0.03042450310516035, "artist": -0.0801014791962927, "lawyer": -0.0559409726288829}}